{
  "All": [
    {"Type": "Grass", "Occurrences": 95},
    {"Type": "Fire", "Occurrences": 64},
    {"Type": "Water", "Occurrences": 126},
    {"Type": "Bug", "Occurrences": 72},
    {"Type": "Normal", "Occurrences": 102},
    {"Type": "Poison", "Occurrences": 62},
    {"Type": "Electric", "Occurrences": 50},
    {"Type": "Ground", "Occurrences": 67},
    {"Type": "Fairy", "Occurrences": 40},
    {"Type": "Fighting", "Occurrences": 53},
    {"Type": "Psychic", "Occurrences": 90},
    {"Type": "Rock", "Occurrences": 58},
    {"Type": "Ghost", "Occurrences": 46},
    {"Type": "Ice", "Occurrences": 38},
    {"Type": "Dragon", "Occurrences": 50},
    {"Type": "Dark", "Occurrences": 51},
    {"Type": "Steel", "Occurrences": 49},
    {"Type": "Flying", "Occurrences": 101}
  ],
  "Gen1": [
    {"Type": "Grass", "Occurrences": 15},
    {"Type": "Fire", "Occurrences": 14},
    {"Type": "Water", "Occurrences": 35},
    {"Type": "Bug", "Occurrences": 14},
    {"Type": "Normal", "Occurrences": 24},
    {"Type": "Poison", "Occurrences": 36},
    {"Type": "Electric", "Occurrences": 9},
    {"Type": "Ground", "Occurrences": 14},
    {"Type": "Fairy", "Occurrences": 5},
    {"Type": "Fighting", "Occurrences": 9},
    {"Type": "Psychic", "Occurrences": 18},
    {"Type": "Rock", "Occurrences": 12},
    {"Type": "Ghost", "Occurrences": 4},
    {"Type": "Ice", "Occurrences": 5},
    {"Type": "Dragon", "Occurrences": 4},
    {"Type": "Dark", "Occurrences": 1},
    {"Type": "Steel", "Occurrences": 2},
    {"Type": "Flying", "Occurrences": 23}
  ],
  "Gen2": [
    {"Type": "Grass", "Occurrences": 10},
    {"Type": "Fire", "Occurrences": 11},
    {"Type": "Water", "Occurrences": 18},
    {"Type": "Bug", "Occurrences": 12},
    {"Type": "Normal", "Occurrences": 15},
    {"Type": "Poison", "Occurrences": 4},
    {"Type": "Electric", "Occurrences": 9},
    {"Type": "Ground", "Occurrences": 11},
    {"Type": "Fairy", "Occurrences": 8},
    {"Type": "Fighting", "Occurrences": 4},
    {"Type": "Psychic", "Occurrences": 10},
    {"Type": "Rock", "Occurrences": 8},
    {"Type": "Ghost", "Occurrences": 1},
    {"Type": "Ice", "Occurrences": 5},
    {"Type": "Dragon", "Occurrences": 2},
    {"Type": "Dark", "Occurrences": 8},
    {"Type": "Steel", "Occurrences": 6},
    {"Type": "Flying", "Occurrences": 19}
  ],
  "Gen3": [
    {"Type": "Grass", "Occurrences": 18},
    {"Type": "Fire", "Occurrences": 9},
    {"Type": "Water", "Occurrences": 31},
    {"Type": "Bug", "Occurrences": 14},
    {"Type": "Normal", "Occurrences": 18},
    {"Type": "Poison", "Occurrences": 5},
    {"Type": "Electric", "Occurrences": 5},
    {"Type": "Ground", "Occurrences": 16},
    {"Type": "Fairy", "Occurrences": 8},
    {"Type": "Fighting", "Occurrences": 9},
    {"Type": "Psychic", "Occurrences": 28},
    {"Type": "Rock", "Occurrences": 12},
    {"Type": "Ghost", "Occurrences": 8},
    {"Type": "Ice", "Occurrences": 7},
    {"Type": "Dragon", "Occurrences": 15},
    {"Type": "Dark", "Occurrences": 13},
    {"Type": "Steel", "Occurrences": 12},
    {"Type": "Flying", "Occurrences": 14}
  ],
  "Gen4": [
    {"Type": "Grass", "Occurrences": 17},
    {"Type": "Fire", "Occurrences": 6},
    {"Type": "Water", "Occurrences": 15},
    {"Type": "Bug", "Occurrences": 11},
    {"Type": "Normal", "Occurrences": 18},
    {"Type": "Poison", "Occurrences": 8},
    {"Type": "Electric", "Occurrences": 12},
    {"Type": "Ground", "Occurrences": 12},
    {"Type": "Fairy", "Occurrences": 2},
    {"Type": "Fighting", "Occurrences": 10},
    {"Type": "Psychic", "Occurrences": 10},
    {"Type": "Rock", "Occurrences": 7},
    {"Type": "Ghost", "Occurrences": 9},
    {"Type": "Ice", "Occurrences": 8},
    {"Type": "Dragon", "Occurrences": 8},
    {"Type": "Dark", "Occurrences": 7},
    {"Type": "Steel", "Occurrences": 12},
    {"Type": "Flying", "Occurrences": 16}
  ],
  "Gen5": [
    {"Type": "Grass", "Occurrences": 20},
    {"Type": "Fire", "Occurrences": 16},
    {"Type": "Water", "Occurrences": 18},
    {"Type": "Bug", "Occurrences": 18},
    {"Type": "Normal", "Occurrences": 19},
    {"Type": "Poison", "Occurrences": 7},
    {"Type": "Electric", "Occurrences": 12},
    {"Type": "Ground", "Occurrences": 12},
    {"Type": "Fairy", "Occurrences": 3},
    {"Type": "Fighting", "Occurrences": 17},
    {"Type": "Psychic", "Occurrences": 16},
    {"Type": "Rock", "Occurrences": 10},
    {"Type": "Ghost", "Occurrences": 9},
    {"Type": "Ice", "Occurrences": 9},
    {"Type": "Dragon", "Occurrences": 12},
    {"Type": "Dark", "Occurrences": 16},
    {"Type": "Steel", "Occurrences": 12},
    {"Type": "Flying", "Occurrences": 21}
  ],
  "Gen6": [
    {"Type": "Grass", "Occurrences": 15},
    {"Type": "Fire", "Occurrences": 8},
    {"Type": "Water", "Occurrences": 9},
    {"Type": "Bug", "Occurrences": 3},
    {"Type": "Normal", "Occurrences": 8},
    {"Type": "Poison", "Occurrences": 2},
    {"Type": "Electric", "Occurrences": 3},
    {"Type": "Ground", "Occurrences": 2},
    {"Type": "Fairy", "Occurrences": 14},
    {"Type": "Fighting", "Occurrences": 4},
    {"Type": "Psychic", "Occurrences": 8},
    {"Type": "Rock", "Occurrences": 9},
    {"Type": "Ghost", "Occurrences": 15},
    {"Type": "Ice", "Occurrences": 4},
    {"Type": "Dragon", "Occurrences": 9},
    {"Type": "Dark", "Occurrences": 6},
    {"Type": "Steel", "Occurrences": 5},
    {"Type": "Flying", "Occurrences": 8}
  ]
}